{
  "task": "GE-NEXT",
  "n_items": 150,
  "label_distribution_gold": {
    "C": 37,
    "B": 38,
    "D": 38,
    "A": 37
  },
  "models": {
    "base": {
      "n": 150,
      "accuracy": 0.9266666666666666,
      "macro_f1": 0.9267923856964952,
      "per_class": {
        "A": {
          "precision": 0.875,
          "recall": 0.9459459459459459,
          "f1": 0.9090909090909091,
          "support": 37
        },
        "B": {
          "precision": 0.9428571428571428,
          "recall": 0.868421052631579,
          "f1": 0.904109589041096,
          "support": 38
        },
        "C": {
          "precision": 0.9,
          "recall": 0.972972972972973,
          "f1": 0.935064935064935,
          "support": 37
        },
        "D": {
          "precision": 1.0,
          "recall": 0.9210526315789473,
          "f1": 0.958904109589041,
          "support": 38
        }
      },
      "confusion_matrix": {
        "A": {
          "A": 35,
          "B": 1,
          "C": 1,
          "D": 0
        },
        "B": {
          "A": 4,
          "B": 33,
          "C": 1,
          "D": 0
        },
        "C": {
          "A": 0,
          "B": 1,
          "C": 36,
          "D": 0
        },
        "D": {
          "A": 1,
          "B": 0,
          "C": 2,
          "D": 35
        }
      },
      "accuracy_ci": {
        "point": 0.9266666666666666,
        "ci_lo": 0.8866666666666667,
        "ci_hi": 0.9666666666666667
      },
      "macro_f1_ci": {
        "point": 0.9267923856964952,
        "ci_lo": 0.8833619687136587,
        "ci_hi": 0.9662807219662058
      },
      "label_distribution_predicted": {
        "C": 40,
        "B": 35,
        "D": 35,
        "A": 40
      }
    },
    "tuned-legends": {
      "n": 150,
      "accuracy": 0.9666666666666667,
      "macro_f1": 0.9667520151730677,
      "per_class": {
        "A": {
          "precision": 0.972972972972973,
          "recall": 0.972972972972973,
          "f1": 0.972972972972973,
          "support": 37
        },
        "B": {
          "precision": 0.972972972972973,
          "recall": 0.9473684210526315,
          "f1": 0.9599999999999999,
          "support": 38
        },
        "C": {
          "precision": 0.9230769230769231,
          "recall": 0.972972972972973,
          "f1": 0.9473684210526315,
          "support": 37
        },
        "D": {
          "precision": 1.0,
          "recall": 0.9736842105263158,
          "f1": 0.9866666666666666,
          "support": 38
        }
      },
      "confusion_matrix": {
        "A": {
          "A": 36,
          "B": 0,
          "C": 1,
          "D": 0
        },
        "B": {
          "A": 1,
          "B": 36,
          "C": 1,
          "D": 0
        },
        "C": {
          "A": 0,
          "B": 1,
          "C": 36,
          "D": 0
        },
        "D": {
          "A": 0,
          "B": 0,
          "C": 1,
          "D": 37
        }
      },
      "accuracy_ci": {
        "point": 0.9666666666666667,
        "ci_lo": 0.9333333333333333,
        "ci_hi": 0.9933333333333333
      },
      "macro_f1_ci": {
        "point": 0.9667520151730677,
        "ci_lo": 0.9358099714273883,
        "ci_hi": 0.9931506849315068
      },
      "label_distribution_predicted": {
        "C": 39,
        "B": 37,
        "D": 37,
        "A": 37
      }
    },
    "tuned-regulation": {
      "n": 150,
      "accuracy": 0.9466666666666667,
      "macro_f1": 0.946728294601402,
      "per_class": {
        "A": {
          "precision": 0.9,
          "recall": 0.972972972972973,
          "f1": 0.935064935064935,
          "support": 37
        },
        "B": {
          "precision": 0.9714285714285714,
          "recall": 0.8947368421052632,
          "f1": 0.9315068493150684,
          "support": 38
        },
        "C": {
          "precision": 0.9230769230769231,
          "recall": 0.972972972972973,
          "f1": 0.9473684210526315,
          "support": 37
        },
        "D": {
          "precision": 1.0,
          "recall": 0.9473684210526315,
          "f1": 0.972972972972973,
          "support": 38
        }
      },
      "confusion_matrix": {
        "A": {
          "A": 36,
          "B": 0,
          "C": 1,
          "D": 0
        },
        "B": {
          "A": 3,
          "B": 34,
          "C": 1,
          "D": 0
        },
        "C": {
          "A": 0,
          "B": 1,
          "C": 36,
          "D": 0
        },
        "D": {
          "A": 1,
          "B": 0,
          "C": 1,
          "D": 36
        }
      },
      "accuracy_ci": {
        "point": 0.9466666666666667,
        "ci_lo": 0.9066666666666666,
        "ci_hi": 0.98
      },
      "macro_f1_ci": {
        "point": 0.946728294601402,
        "ci_lo": 0.9073894554448898,
        "ci_hi": 0.979588779956427
      },
      "label_distribution_predicted": {
        "C": 39,
        "B": 35,
        "D": 36,
        "A": 40
      }
    }
  },
  "per_pillar": {
    "violence_stereotypes": {
      "n": 30,
      "base": {
        "accuracy": 0.8666666666666667,
        "macro_f1": 0.8427941176470588
      },
      "tuned-legends": {
        "accuracy": 0.9333333333333333,
        "macro_f1": 0.9286616161616161
      },
      "tuned-regulation": {
        "accuracy": 0.9,
        "macro_f1": 0.8792335115864527
      }
    },
    "leadership_participation": {
      "n": 30,
      "base": {
        "accuracy": 0.9666666666666667,
        "macro_f1": 0.9660633484162896
      },
      "tuned-legends": {
        "accuracy": 0.9666666666666667,
        "macro_f1": 0.9660633484162896
      },
      "tuned-regulation": {
        "accuracy": 0.9666666666666667,
        "macro_f1": 0.9660633484162896
      }
    },
    "funding_global_action": {
      "n": 30,
      "base": {
        "accuracy": 0.9333333333333333,
        "macro_f1": 0.9330357142857143
      },
      "tuned-legends": {
        "accuracy": 0.9666666666666667,
        "macro_f1": 0.9666666666666667
      },
      "tuned-regulation": {
        "accuracy": 0.9333333333333333,
        "macro_f1": 0.9330357142857143
      }
    },
    "equal_economy": {
      "n": 30,
      "base": {
        "accuracy": 0.9333333333333333,
        "macro_f1": 0.9434523809523809
      },
      "tuned-legends": {
        "accuracy": 1.0,
        "macro_f1": 1.0
      },
      "tuned-regulation": {
        "accuracy": 1.0,
        "macro_f1": 1.0
      }
    },
    "mainstreaming_intersectionality": {
      "n": 30,
      "base": {
        "accuracy": 0.9333333333333333,
        "macro_f1": 0.9321266968325792
      },
      "tuned-legends": {
        "accuracy": 0.9666666666666667,
        "macro_f1": 0.9660633484162896
      },
      "tuned-regulation": {
        "accuracy": 0.9333333333333333,
        "macro_f1": 0.9321266968325792
      }
    }
  },
  "per_distractor_type_error": {
    "_note": "Computed on the full n=150 dataset; all items carry option-type labels.",
    "n_subset": 150,
    "total_wrong_base": 11,
    "performative": {
      "base": {
        "wrong_picks_of_this_type": 4,
        "total_wrong_picks": 11,
        "share_of_wrong_picks": 0.36363636363636365
      },
      "tuned-legends": {
        "wrong_picks_of_this_type": 2,
        "total_wrong_picks": 5,
        "share_of_wrong_picks": 0.4
      },
      "tuned-regulation": {
        "wrong_picks_of_this_type": 3,
        "total_wrong_picks": 8,
        "share_of_wrong_picks": 0.375
      }
    },
    "cost_optimising": {
      "base": {
        "wrong_picks_of_this_type": 2,
        "total_wrong_picks": 11,
        "share_of_wrong_picks": 0.18181818181818182
      },
      "tuned-legends": {
        "wrong_picks_of_this_type": 1,
        "total_wrong_picks": 5,
        "share_of_wrong_picks": 0.2
      },
      "tuned-regulation": {
        "wrong_picks_of_this_type": 1,
        "total_wrong_picks": 8,
        "share_of_wrong_picks": 0.125
      }
    },