{
  "task": "GE-NEXT",
  "n_items": 150,
  "label_distribution_gold": {
    "C": 37,
    "B": 38,
    "D": 38,
    "A": 37
  },
  "models": {
    "base": {
      "n": 150,
      "accuracy": 0.92,
      "macro_f1": 0.9199754299754299,
      "per_class": {
        "A": {
          "precision": 0.875,
          "recall": 0.9459459459459459,
          "f1": 0.9090909090909091,
          "support": 37
        },
        "B": {
          "precision": 0.9166666666666666,
          "recall": 0.868421052631579,
          "f1": 0.8918918918918918,
          "support": 38
        },
        "C": {
          "precision": 0.918918918918919,
          "recall": 0.918918918918919,
          "f1": 0.918918918918919,
          "support": 37
        },
        "D": {
          "precision": 0.972972972972973,
          "recall": 0.9473684210526315,
          "f1": 0.9599999999999999,
          "support": 38
        }
      },
      "confusion_matrix": {
        "A": {
          "A": 35,
          "B": 1,
          "C": 1,
          "D": 0
        },
        "B": {
          "A": 4,
          "B": 33,
          "C": 1,
          "D": 0
        },
        "C": {
          "A": 0,
          "B": 2,
          "C": 34,
          "D": 1
        },
        "D": {
          "A": 1,
          "B": 0,
          "C": 1,
          "D": 36
        }
      },
      "accuracy_ci": {
        "point": 0.92,
        "ci_lo": 0.8733333333333333,
        "ci_hi": 0.96
      },
      "macro_f1_ci": {
        "point": 0.9199754299754299,
        "ci_lo": 0.8739102709690945,
        "ci_hi": 0.9606368653385992
      },
      "label_distribution_predicted": {
        "C": 37,
        "B": 36,
        "D": 37,
        "A": 40
      }
    },
    "tuned-legends": {
      "n": 150,
      "accuracy": 0.9866666666666667,
      "macro_f1": 0.9865718324622434,
      "per_class": {
        "A": {
          "precision": 1.0,
          "recall": 0.972972972972973,
          "f1": 0.9863013698630138,
          "support": 37
        },
        "B": {
          "precision": 0.9743589743589743,
          "recall": 1.0,
          "f1": 0.9870129870129869,
          "support": 38
        },
        "C": {
          "precision": 0.972972972972973,
          "recall": 0.972972972972973,
          "f1": 0.972972972972973,
          "support": 37
        },
        "D": {
          "precision": 1.0,
          "recall": 1.0,
          "f1": 1.0,
          "support": 38
        }
      },
      "confusion_matrix": {
        "A": {
          "A": 36,
          "B": 0,
          "C": 1,
          "D": 0
        },
        "B": {
          "A": 0,
          "B": 38,
          "C": 0,
          "D": 0
        },
        "C": {
          "A": 0,
          "B": 1,
          "C": 36,
          "D": 0
        },
        "D": {
          "A": 0,
          "B": 0,
          "C": 0,
          "D": 38
        }
      },
      "accuracy_ci": {
        "point": 0.9866666666666667,
        "ci_lo": 0.9666666666666667,
        "ci_hi": 1.0
      },
      "macro_f1_ci": {
        "point": 0.9865718324622434,
        "ci_lo": 0.9654576255453449,
        "ci_hi": 1.0
      },
      "label_distribution_predicted": {
        "C": 37,
        "B": 39,
        "D": 38,
        "A": 36
      }
    },
    "tuned-regulation": {
      "n": 150,
      "accuracy": 0.94,
      "macro_f1": 0.9397937284563096,
      "per_class": {
        "A": {
          "precision": 0.9,
          "recall": 0.972972972972973,
          "f1": 0.935064935064935,
          "support": 37
        },
        "B": {
          "precision": 0.9444444444444444,
          "recall": 0.8947368421052632,
          "f1": 0.918918918918919,
          "support": 38
        },
        "C": {
          "precision": 0.9444444444444444,
          "recall": 0.918918918918919,
          "f1": 0.9315068493150684,
          "support": 37
        },
        "D": {
          "precision": 0.9736842105263158,
          "recall": 0.9736842105263158,
          "f1": 0.9736842105263158,
          "support": 38
        }
      },
      "confusion_matrix": {
        "A": {
          "A": 36,
          "B": 0,
          "C": 1,
          "D": 0
        },
        "B": {
          "A": 3,
          "B": 34,
          "C": 1,
          "D": 0
        },
        "C": {
          "A": 0,
          "B": 2,
          "C": 34,
          "D": 1
        },
        "D": {
          "A": 1,
          "B": 0,
          "C": 0,
          "D": 37
        }
      },
      "accuracy_ci": {
        "point": 0.94,
        "ci_lo": 0.9,
        "ci_hi": 0.9733333333333334
      },
      "macro_f1_ci": {
        "point": 0.9397937284563096,
        "ci_lo": 0.8991742575015309,
        "ci_hi": 0.9743990257333475
      },
      "label_distribution_predicted": {
        "C": 36,
        "B": 36,
        "D": 38,
        "A": 40
      }
    }
  },
  "per_pillar": {
    "violence_stereotypes": {
      "n": 30,
      "base": {
        "accuracy": 0.9,
        "macro_f1": 0.8792335115864527
      },
      "tuned-legends": {
        "accuracy": 0.9666666666666667,
        "macro_f1": 0.961352657004831
      },
      "tuned-regulation": {
        "accuracy": 0.9333333333333333,
        "macro_f1": 0.9119245524296675
      }
    },
    "leadership_participation": {
      "n": 30,
      "base": {
        "accuracy": 0.9333333333333333,
        "macro_f1": 0.928921568627451
      },
      "tuned-legends": {
        "accuracy": 0.9666666666666667,
        "macro_f1": 0.9660633484162896
      },
      "tuned-regulation": {
        "accuracy": 0.9333333333333333,
        "macro_f1": 0.928921568627451
      }
    },
    "funding_global_action": {
      "n": 30,
      "base": {
        "accuracy": 0.9333333333333333,
        "macro_f1": 0.9330357142857143
      },
      "tuned-legends": {
        "accuracy": 1.0,
        "macro_f1": 1.0
      },
      "tuned-regulation": {
        "accuracy": 0.9333333333333333,
        "macro_f1": 0.9330357142857143
      }
    },
    "equal_economy": {
      "n": 30,
      "base": {
        "accuracy": 0.9,
        "macro_f1": 0.9115584415584415
      },
      "tuned-legends": {
        "accuracy": 1.0,
        "macro_f1": 1.0
      },
      "tuned-regulation": {
        "accuracy": 0.9666666666666667,
        "macro_f1": 0.9672727272727273
      }
    },
    "mainstreaming_intersectionality": {
      "n": 30,
      "base": {
        "accuracy": 0.9333333333333333,
        "macro_f1": 0.9321266968325792
      },
      "tuned-legends": {
        "accuracy": 1.0,
        "macro_f1": 1.0
      },
      "tuned-regulation": {
        "accuracy": 0.9333333333333333,
        "macro_f1": 0.9321266968325792
      }
    }
  },
  "per_distractor_type_error": {
    "_note": "Computed on the v1 subset (n=100) for which option-type assignments are available. The remaining 50 items (IDs 021..030 per pillar) carry predictions and gold positions but no option-type labels at the time of evaluation.",
    "n_subset": 100,
    "performative": {
      "base": {
        "wrong_picks_of_this_type": 2,
        "total_wrong_picks": 7,
        "share_of_wrong_picks": 0.2857142857142857
      },
      "tuned-legends": {
        "wrong_picks_of_this_type": 1,
        "total_wrong_picks": 2,
        "share_of_wrong_picks": 0.5
      },
      "tuned-regulation": {
        "wrong_picks_of_this_type": 1,
        "total_wrong_picks": 5,
        "share_of_wrong_picks": 0.2
      }
    },
    "cost_optimising": {
      "base": {
        "wrong_picks_of_this_type": 1,
        "total_wrong_picks": 7,
        "share_of_wrong_picks": 0.14285714285714285
      },
      "tuned-legends": {
        "wrong_picks_of_this_type": 0,
        "total_wrong_picks": 2,
        "share_of_wrong_picks": 0.0
      },
      "tuned-regulation": {
        "wrong_picks_of_this_type": 1,
        "total_wrong_picks": 5,
        "share_of_wrong_picks": 0.2
      }
    },
    "orthogonal": {
      "base": {
        "wrong_picks_of_this_type": 4,