{
  "task": "GE-STANCE",
  "n_total": 120,
  "class_distribution": {
    "supportive": 40,
    "against": 40,
    "neutral": 40
  },
  "source_distribution": {
    "curated": 92,
    "civics_filtered": 28
  },
  "per_model": {
    "base": {
      "macro_f1": 0.8332650240921439,
      "macro_f1_ci95": [
        0.7660911545661071,
        0.8921805110817065
      ],
      "accuracy": 0.8333333333333334,
      "per_class_f1": {
        "supportive": 0.7397260273972602,
        "neutral": 0.7727272727272727,
        "against": 0.9873417721518988
      },
      "confusion_matrix": [
        [
          27,
          13,
          0
        ],
        [
          6,
          34,
          0
        ],
        [
          0,
          1,
          39
        ]
      ],
      "per_source_macro_f1": {
        "civics_filtered": 0.23255813953488372,
        "curated": 0.8980028129395218
      }
    },
    "tuned-legends": {
      "macro_f1": 0.7370504319871408,
      "macro_f1_ci95": [
        0.6626461784427291,
        0.8112266520814907
      ],
      "accuracy": 0.7583333333333333,
      "per_class_f1": {
        "supportive": 0.5,
        "neutral": 0.7238095238095238,
        "against": 0.9873417721518988
      },
      "confusion_matrix": [
        [
          14,
          26,
          0
        ],
        [
          2,
          38,
          0
        ],
        [
          0,
          1,
          39
        ]
      ],
      "per_source_macro_f1": {
        "civics_filtered": 0.044444444444444446,
        "curated": 0.9574813372281726
      }
    },
    "tuned-regulation": {
      "macro_f1": 0.8673789173789174,
      "macro_f1_ci95": [
        0.8055762465992894,
        0.9237045860953255
      ],
      "accuracy": 0.8666666666666667,
      "per_class_f1": {
        "supportive": 0.8055555555555556,
        "neutral": 0.8222222222222222,
        "against": 0.9743589743589743
      },
      "confusion_matrix": [
        [
          29,
          11,
          0
        ],
        [
          3,
          37,
          0
        ],
        [
          0,
          2,
          38
        ]
      ],
      "per_source_macro_f1": {
        "civics_filtered": 0.2518518518518518,
        "curated": 0.9333189080024523
      }
    }
  },
  "mcnemar": {
    "base_vs_tuned-legends": {
      "n01_a_only": 14,
      "n10_b_only": 5,
      "statistic": 5.0,
      "p_value": 0.063568115234375
    },
    "base_vs_tuned-regulation": {
      "n01_a_only": 2,
      "n10_b_only": 6,
      "statistic": 2.0,
      "p_value": 0.2890625
    },
    "tuned-legends_vs_tuned-regulation": {
      "n01_a_only": 3,
      "n10_b_only": 16,
      "statistic": 3.0,
      "p_value": 0.004425048828125
    }
  }
}